"Sequence"	"Count"	"Num_Subst"	"CIGAR"
"TTCAAGTGGGAGCGCGTGATGAACTTCGAGGACGGCGGCGTGGCGACCGTGACCCAGGACTCCTCCCTGACGGCTGCTTCATCTACAAGGTGAAGTTCATCGGCGTGAACTTCC"	645	0	"67M1I46M"
"TTCAAGTGGGAGCGCGTGATGAACTTCGAGGACGGCGGCGTGGCGACCGTGACCCAGGACTCCTCCCGACGGCTGCTTCATCTACAAGGTGAAGTTCATCGGCGTGAACTTCC"	124	0	"113M"
"TTCAAGTGGGAGCGCGTGATGAACTTCGAGGACGGCGGCGTGGCGACCGTGACCCAGGACTCCTCCGACGGCTGCTTCATCTACAAGGTGAAGTTCATCGGCGTGAACTTCC"	31	0	"66M1D46M"
"TTCAAGTGGGAGCGCGTGATGAACTTCGAGGACGGCGGCGTGGCGACCGTGACCCAGGACTCCTCCCGGCTGCTTCATCTACAAGGTGAAGTTCATCGGCGTGAACTTCC"	26	0	"66M3D44M"
"TTCAAGTGGGAGCGCGTGATGAACTTCGAGGACGGCGGCGTGGCGACCGTGACCCAGGACTCCTCCCACGGCTGCTTCATCTACAAGGTGAAGTTCATCGGCGTGAACTTCC"	25	0	"67M1D45M"
"TTCAAGTGGGAGCGCGTGATGAACTTCGAGGACGGCGGCGTGGCGACCGTGACCCAGGACTCCTCCCTACGGCTGCTTCATCTACAAGGTGAAGTTCATCGGCGTGAACTTCC"	15	1	"113M"
"TTCAAGTGGGAGCGCGTGATGAACTTCGAGGACGGCGGCGTGGCGACCGTGACCCAGGACTCCTCCCCGGCTGCTTCATCTACAAGGTGAAGTTCATCGGCGTGAACTTCC"	12	0	"67M2D44M"
"TTCAAGTGGGAGCGCGTGATGAACTTCGAGGACGGCGGCGTGGCGACCGTGACCCAGGACTCCTCCCTGCTTCATCTACAAGGTGAAGTTCATCGGCGTGAACTTCC"	11	0	"66M6D41M"
"TTCAAGTGGGAGCGCGTGATGAACTTCGAGGACGGCGGCGTGGCGACCGTGACCCAGGACTCCTCCCAGACGGCTGCTTCATCTACAAGGTGAAGTTCATCGGCGTGAACTTCC"	10	0	"67M1I46M"
"TTCAAGTGGGAGCGCGTGATGAACTTCGAGGACGGCGGCGTGGCGACCGTGACCCAGGACTCCTCCCTCGGCTGCTTCATCTACAAGGTGAAGTTCATCGGCGTGAACTTCC"	10	1	"67M1D45M"
"TTCAAGTGGGAGCGCGTGATGAACTTCGAGGACGGCGGCGTGGCGACCGTGACCCAGGACTCCTCCCTGGACGGCTGCTTCATCTACAAGGTGAAGTTCATCGGCGTGAACTTCC"	9	0	"67M2I46M"
"TTCAAGTGGGAGCGCGTGATGAACTTCGAGGACGGCGGCGTGGCGACCGTGACCCAGGACTCCTCCCTTGACGGCTGCTTCATCTACAAGGTGAAGTTCATCGGCGTGAACTTCC"	9	0	"67M2I46M"
"TTCAAGTGGGAGCGCGTGATGAACTTCGAGGACGGCGGCGTGGCGACCGTGACCCAGGGCTGCTTCATCTACAAGGTGAAGTTCATCGGCGTGAACTTCC"	8	0	"57M13D43M"
"TTCAAGTGGGAGCGCGTGATGAACTTCGAGGACGGCGGCGTGGCGACCGTGACCCAGGACTCCTCCACGGCTGCTTCATCTACAAGGTGAAGTTCATCGGCGTGAACTTCC"	7	0	"66M2D45M"
"TTCAAGTGGGAGCGCGTGATGAACTTCGAGGACGGCGGCGTGGCGACCGTGACCCAGGACTCCTCCCCTGCTTCATCTACAAGGTGAAGTTCATCGGCGTGAACTTCC"	7	0	"67M5D41M"
"TTCAAGTGGGAGCGCGTGATGAACTTCGAGGACGGCGGCGTGGCGACCGTGACCCAGCGGCTGCTTCATCTACAAGGTGAAGTTCATCGGCGTGAACTTCC"	7	0	"57M12D44M"
"TTCAAGTGGGAGCGCGTGATGAACTTCGAGGACGGCGGCGTGGCGACCGTGACCCAGGACTCCTCCGGCTGCTTCATCTACAAGGTGAAGTTCATCGGCGTGAACTTCC"	6	0	"65M4D44M"
"TTCAAGTGGGAGCGCGTGATGAACTTCGAGGACGGCGGCGTGGCGACCGTGACCCAGGACTCCTCCTGCTTCATCTACAAGGTGAAGTTCATCGGCGTGAACTTCC"	6	0	"65M7D41M"
"TTCAAGTGGGAGCGCGTGATGAACTTCGAGGACGGCGGCGTGGCGACCGTGACCCAGGACTCCTCGACGGCTGCTTCATCTACAAGGTGAAGTTCATCGGCGTGAACTTCC"	5	0	"65M2D46M"
"TTCAAGTGGGAGCGCGTGATGAACTTCGAGGACGGCGGCGTGGCGACCGTGACCCAGGACTCCTCCCTAGACGGCTGCTTCATCTACAAGGTGAAGTTCATCGGCGTGAACTTCC"	5	0	"67M2I46M"
"TTCAAGTGGGAGCGCGTGATGAACTTCGAGGACGGCGGCGTGGCGACCGTGACCCAGGACTCCTCCCTACAAGGTGAAGTTCATCGGCGTGAACTTCC"	5	0	"66M15D32M"
"TTCAAGTGGGAGCGCGTGATGAACTTCGAGGACGGCGGCGTGGCGACCGTGACCCAGGACTCCTCCCTTGCTTCATCTACAAGGTGAAGTTCATCGGCGTGAACTTCC"	5	1	"67M5D41M"
"TTCAAGTGGGAGCGCGTGATGAACTTCGAGGACGGCGGCGTGGCGACCGTGACCCAGTGCTTCATCTACAAGGTGAAGTTCATCGGCGTGAACTTCC"	5	0	"57M16D40M"
"TTCAAGTGGGAGCGCGTGATGAACTTCGAGGACGGCGGCGTGGCGACCGTGACCCAGCTGCTTCATCTACAAGGTGAAGTTCATCGGCGTGAACTTCC"	4	0	"56M15D42M"
"TTCAAGTGGGAGCGCGTGATGAACTTCGAGGACGGCGGCGTGGCGACCGTGACCCAGGACTCCGACGGCTGCTTCATCTACAAGGTGAAGTTCATCGGCGTGAACTTCC"	4	0	"63M4D46M"
"TTCAAGTGGGAGCGCGTGATGAACTTCGAGGACGGCGGCGTGGCGACCGTGACCCAGGACTCCTGACGGCTGCTTCATCTACAAGGTGAAGTTCATCGGCGTGAACTTCC"	4	0	"64M3D46M"
"TTCAAGTGGGAGCGCGTGATGAACTTCGAGGACGGCGGCGTGGCGACCGTGACCCAGGACTCCTCCCTGACGGCTGCTTCATCTACAAGGTGAAGTTCACCGGCGTGAACTTCC"	4	1	"67M1I46M"
"TTCAAGTGGGAGCGCGTGATGAACTTCGAGGACGGCGGCGTGGCGACCGTGACCCAGGACTCCTCCCTGACGGCTGCTTCATCCACAAGGTGAAGTTCATCGGCGTGAACTTCC"	4	1	"67M1I46M"
"TTCAAGTGGGAGCGCGTGATGAACTTCGAGGACGGCGGCGTGGCGACCGTGACCCAGGACTCGACGGCTGCTTCATCTACAAGGTGAAGTTCATCGGCGTGAACTTCC"	3	0	"62M5D46M"
"TTCAAGTGGGAGCGCGTGATGAACTTCGAGGACGGCGGCGTGGCGACCGTGACCCAGGACTCCTCCCTTCATCTACAAGGTGAAGTTCATCGGCGTGAACTTCC"	3	0	"66M9D38M"
"TTCAAGTGGGAGCGCGTGATGAACTTCGAGGACGGCGGCGTGGCGACCGTGACCCAGGACTCCTCCCGAGACGGCTGCTTCATCTACAAGGTGAAGTTCATCGGCGTGAACTTCC"	3	0	"67M2I46M"
"TTCAAGTGGGAGCGCGTGATGAACTTCGAGGACGGCGGCGTGGCGACCGTGACCCAGGACTCCTCCCGCTTCATCTACAAGGTGAAGTTCATCGGCGTGAACTTCC"	3	0	"67M7D39M"
"TTCAAGTGGGAGCGCGTGATGAACTTCGAGGACGGCGGCGTGGCGACCGTGACCCAGGACTCCTCCCTGACGGCTGCTTCATCTACAAGGTGAAGGTCATCGGCGTGAACTTCC"	3	1	"67M1I46M"
"TTCAAGTGGGAGCGCGTGATGAACTTCGAGGACGGCGGCGTGGCGACCGTGACCCAGGACTCCGGCTGCTTCATCTACAAGGTGAAGTTCATCGGCGTGAACTTCC"	3	0	"62M7D44M"
"TTCAAGTGGGAGCGCGTGATGAACTTCGAGGACGGCGGCGTGGCGACCGTGACCCAGGACTCCTCCCCGGCTGCTTCATCTACAAGGTGAAGTTCATCGTCGTGAACTTCC"	3	1	"67M2D44M"
"TTCAAGTGGGAGCGCGTGATGAACTTCGAGGACGGCGGCGTGGCGACCGTGACCCAGGACTCCTCCCTGACGGCTGCTTAATCTACAAGGTGAAGTTCATCGGCGTGAACTTCC"	3	1	"67M1I46M"
"TTCAAGTGGGAGCGCGTGATGAACTTCGAGGACGGCGGCGTGGCGACCGTGACCCAGGACTCCTCCCTGCGGCTGCTTCATCTACAAGGTGAAGTTCATCGGCGTGAACTTCC"	2	2	"113M"
"TTCAAGTGGGAGCGCGTGATGAACTTCGAGGACGGCGGCGTGGCGACCGTGACCCAGGACTCCACGGCTGCTTCATCTACAAGGTGAAGTTCATCGGCGTGAACTTCC"	2	0	"63M5D45M"
"TTCAAGTGGGAGCGCGTGATGAACTTCGAGGACGGCGGCGTGGCGACCGTGACCCAGGACTCCTCTGACGGCTGCTTCATCTACAAGGTGAAGTTCATCGGCGTGAACTTCC"	2	1	"66M1D46M"
"TTCAAGTGGGAGCGCGTGATGAACTTCGAGGACGGCGGCGTGGCGACCGTGACCCAGGACTCCTCCGACGGCTGCTTCATCTACAAGGTGAAGTTCATCTGCGTGAACTTCC"	2	1	"66M1D46M"
"TTCAAGTGTGAGCGCGTGATGAACTTCGAGGACGGCGGCGTGGCGACCGTGACCCAGGACTCCTCCCTGACGGCTGCTTCATCTACAAGGTGAAGTTCATCGGCGTGAACTTCC"	2	1	"67M1I46M"
"TTCAAGTGGGAGCGCGTTATGAACTTCGAGGACGGCGGCGTGGCGACCGTGACCCAGGACTCCTCCCTGACGGCTGCTTCATCTACAAGGTGAAGTTCATCGGCGTGAACTTCC"	2	1	"67M1I46M"
"TTCAAGTGGGAGCGCGTGATGAACTTCGAGGACGGCGGCGTGGCGACCGTGACCCAGGACTCCTCCCACGGCTGCTTCATCTACAAGGTGAAGTTCATCTGCGTGAACTTCC"	2	1	"67M1D45M"
"TTCAAGTGGGAGCGCGTGATGAACTTCGAGGACGGCGGCGTGGCGACCGTGACCCAGGACTCCTCCCTGGCTGCTTCATCTACAAGGTGAAGTTCATCGGCGTGAACTTCC"	2	1	"67M2D44M"
"TTCAAGTGGGAGCGCGTGATGAACTTCGAGGACGGCGGCGTGGCGACCGTGACCCAGGACTCCTCATCTACAAGGTGAAGTTCATCGGCGTGAACTTCC"	2	0	"63M14D36M"
"TTCAAGTGGGAGCGCGTGATGAACTTCGAGGACGGCGGCGTGGCGACCGTGACCCAGGACTCCTGGCTGCTTCATCTACAAGGTGAAGTTCATCGGCGTGAACTTCC"	2	0	"64M6D43M"
"TTCAAGTGGGAGCGCGTGATGAACTTCGAGGACGGCGGCGTGGCGACCGTGACCCAGGACTCCTCCCTGACGGCTTCTTCATCTACAAGGTGAAGTTCATCGGCGTGAACTTCC"	2	1	"67M1I46M"
"TTCAAGTGGGAGCGCGTGATGAACTTCGAGGACGGCGGCGTGGCGACCGTGACCCAGGACTCCTGCTTCATCTACAAGGTGAAGTTCATCGGCGTGAACTTCC"	2	0	"62M10D41M"
"TTCAAGTGGGAGCGCGTGATGAACTTCGAGGACGGCGGCGTGGCGACCGTGACCCAGGGCTGCTTCATCTACAAGGTTAAGTTCATCGGCGTGAACTTCC"	2	1	"57M13D43M"
"TTCAAGTGGGAGCGCGTGATGAACTTCGAGGACGGCGGCGTGGCGACCGTGACCCAGGACTCCTCCCTCACGGCTGCTTCATCTACAAGGTGAAGTTCATCGGCGTGAACTTCC"	2	1	"67M1I46M"
"TTCAAGTGGGAGCGCGTGATGAACTTCGAGGACGGCGGCGTGGCGACCGTGACCCAGGACTCCTACGGCTGCTTCATCTACAAGGTGAAGTTCATCGGCTTGAACTTCC"	2	1	"64M4D45M"
"TTCAAGTGGGAGCGCGTGATGAACTTCGAGGACGGCGGCGTGGCGACCGTGACCCAGGACTCCTCCCTGACGGCTGCTTCATCTACAAGGTGAAGTTCATCGGTGTGAACTTCC"	2	1	"67M1I46M"
"TTCAAGTGGGAGCGCGTGATGAACTTCGAGGACGGCGGCGTGGCGACCGTGACCCAGGACTCCTCCCGCTGCTTCATCTACAAGGTGAAGTTCATCGGCGTGAACTTCC"	2	0	"67M4D42M"
"TTCAAGTGGGAGCGCGTGATGAACTTCGAGGACGGCGGCGTGGCGACCGTGACCCAGTACTCCTCCCTGACGGCTGCTTCATCTACAAGGTGAAGTTCATCGGCGTGAACTTCC"	2	1	"67M1I46M"
"TTCAAGTGGGAGCGCGTGATGAACTTCGAGGACGGCGGCGTGGCGACCGTGACCCAGGACTTCATCTACAAGGTGAAGTTCATCGGCGTGAACTTCC"	2	0	"59M16D38M"
"TTCAAGTGGGAGCGCGTGATGAACTTCGAGGACGGCGGCGTGGCGACCGTGACCCAGGACTGCTTCATCTACAAGGTGAAGTTCATCGGCGTGAACTTCC"	2	0	"59M13D41M"
"TTCAAGTGGGAGCGCGTGATGAACTTCGAGGACGGCGGCGTGGCGACCGTGACCCAGGACTCCTCCCGGACGGCTGCTTCATCTACAAGGTGAAGTTCATCGGCGTGAACTTCC"	2	0	"67M1I46M"
"TTCAAGTGGGAGCGCGTGATGAACTTCGAGGACGGCGGCGTGGCGACCGTGACCCAGGACTCCCGGCTGCTTCATCTACAAGGTGAAGTTCATCGGCGTGAACTTCC"	2	0	"63M6D44M"
"TTCAAGTGGGAGCGCGTGATGAACTTCGAGGACGGCGGCGTGGCGACCGTGACCCAGGACTCCTCCCTGACGGCTGCTTCATCTACCAGGTGAAGTTCATCGGCGTGAACTTCC"	1	1	"67M1I46M"
"TTCAAGTGGGAGCGCGTGATGAACTTCGAGGACGGCGGCGTGGCGACCGTGACCCAGGACTCCTGCTTCATCTACAAGGTGAAGTTCATCAGCGTGAACTTCC"	1	1	"62M10D41M"
"TTCAAGTGGGAGCGCGTGATGAACTTCGAGGACGGCGGCGTGGCGACCGTGACCCAGGACTCCTCCCCTTCATCTACAAGGTGAAGTTCATCGGCGTGAACTTCC"	1	0	"67M8D38M"
"TTCAAGTGGGAGCTCGTGATGAACTTCGAGGACGGCGGCGTGGCGACCGTGACCCAGGACTCCTCCCGACGGCTGCTTCATCTACAAGGTGAAGTTCATCGGCGTGAACTTCC"	1	1	"113M"
"TTCAAGTGGGAGCGCGTGATGAACTTCGAGGACGGCGGCGTGGCGACCGTGACCCAGGACTCCTCCCTGACTGCTGCTTCATCTACAAGGTGAAGTTCAGCGGCGTGAACTTCC"	1	2	"67M1I46M"
"TTCAAGTGGGAGCGCGTGATGAACTTCGAGGACGTCGGCGTGGCGACCGTTACCCAGTACTCCTCCCTGACGGCTGCTTCATCTACAAGGTGAAGTTCATCGGCGTGAACTTCC"	1	3	"67M1I46M"
"TTCAAGTGGGAGCGCGTGATGAACTTCGAGGACGGCGGCGTGGCGACCGTGACCCAGGACTCCTCCCTGACGGCTGCTCCATCTACAAGGTGAAGTTCATCGGCGTGAACTTCC"	1	1	"67M1I46M"
"TTCAAGTTGGAGCGCGTGATGAACTTCGAGTACGGCGGCGTGGCGACCGTGACCCAGGACTCCTCCCACAGCTGCTTCATCTACAAGGTGAAGTTCATCGGCGTGAACTTCC"	1	3	"67M1D45M"
"TTCAAGTGGGAGCGCGTGATGAACTTCGAGGACGGCGGCGTGGCGACCGTGACCCAGGACTCCTCCCTGACGGCGGCTTCCTCTACAAGGTGACGTTCATCGGCGTGAACTTCC"	1	3	"67M1I46M"
"TTCAAGTGGGAGCGCGTGATGAACTTCGAGGACGGCGGCGTGGCGACCGTGACCCAGGACTCCTCCCTGACGGCTGCTTCATCTACAAGGTGAAGGTCAGCGGCGTGAACTTCC"	1	2	"67M1I46M"
"TTCAAGTGGGAGCTCGTGATGAACTTCGAGGACGGCGGCGTGGCGACCGTTACCCAGGACTCCTCCCACGGCTGCTTCATCTACAAGGTGAAGTTCATCGGCGTGAACTTCC"	1	2	"67M1D45M"
"TTCAAGTGGGAGCGCGTGATGAACTTCGAGGACGGCGGCGTGGCGACCGTGACCCAGTACTCCTCCTACGGCTGCTTCATCTACAAGGTGAAGTTCATCGTCGTGAACTTCC"	1	3	"66M1D46M"
"TTCAAGTGGGAGCGCGTGATGAACTTCGAGGACGGCGGCGTGGCGACCGTGACCCAGGACTCCTCCCGACGGCTGCTTCATCTACAAGGTGAAGTGCATCGGCGTGAACTTCC"	1	1	"113M"
"TTCAAGTGGGAGCGCGTGATGAACTTCGAGGACGGCGGCGTGGCGACCGTTACCCAGGACTCCTCCCTCGGCTGCTTCATCTACAAGGTGAAGTTCATCGGCGTGAACTTCC"	1	2	"67M1D45M"
"TTCAAGTGGGAGCGCGTGATGAACTTCGAGGACGGCGGCGTGGCGACCGTGACCCGGCTGCTTCATCTACAAGGTGAAGTTCATCGGCGTGAACTTCC"	1	0	"54M15D44M"
"TTCAAGTGGGAGCGCGTGATGAACTTCGAGGACGGCGGCGTGGCGACCGTGACCCAGGACTCCTCCCACGGCGGCTTCATCTACAGGGTGAAGGTCATCGGCGTGAACTTCC"	1	3	"67M1D45M"
"TTCAAGTGGGAGCGCGTGATGAACTTCGAGGACGGCGGCGTGGCGACCGTGACCCAGGACTCCTCCCCGGCTGCGTCGTCTACAAGGTGAAGTTCATCGGCGTGAACTTCC"	1	2	"67M2D44M"
"TTCAAGTGGGAGCGCGTGATGAACTTCGAGGACGGCGGCGTGGCGACCGTGACCCAGGACTCCTCCCTGTGACGGCTGCTTCATCTACAAGGTGAAGTTCATCGGCGTGAACTTCC"	1	0	"67M3I46M"
"TTCAAGTGGGAACGCGTGATGAACTTCGAGGACGGCGGCGTGGCGACCGTGACCCAGGACTCCTCCCTGACGGCTGCTTCATCTACAAGGTGAAGTTCATCGGCGTGAACTTCC"	1	1	"67M1I46M"
"TTCAAGTGGGAGCGCGTGATGAACTTCGAGGACGGCGGCGTGGCGACCGTGACCCAGGACTCCTCCCACGGCTGCTTCATCTACAAGGTGAAGTTCATCGGCGGGAACTTCC"	1	1	"67M1D45M"
"TTCAAGTGGGAGCGCGTGATGAACTTCGAGGACGGCGGCGTGGCGACCGTGACCCAGGACTCCTCCCGCTGCTTCATCTACAATGTGAAGTTCATCGGCGTGAACTTCC"	1	1	"67M4D42M"
"TTCAAGTGGGAGCGCGTGATGAACTTCGAGGACGGCGGCGTGGCGACCGTGACCCAGGACTCCTCCCGGCTGCTTCATCTACAAGGTGAAGTTCATCGGCCGGAACTTCC"	1	2	"66M3D44M"
"TTCAAGTGGGAGCGCGTGATGAACTTCGAGAACGGCGGCGTGTCGACCGTGACCCAGGACTCCTCCCTGACGGCTGCTTCATCTACAAGGTGAAGTTCATCGGCGTGAACTTCC"	1	2	"67M1I46M"
"TTCAAGTGGGAGCGCGTGATGAACTTCGAGGACGGCGGCGTGGCGACCGTGACCCAGGACTCCTCCCTGCCGGCTGCTTCATCTACAAGGTGAAGTTCATCGGCGTGAACTTCC"	1	1	"67M1I46M"
"TTCAAGTGGGAGCGCGTGATGAACTTCGAGGACGGCGGCGTGGCGACCGTGACCCAGGACTCCTCCCTGACGGCTGCTTCCTCTACAAGGTGACGTTCATCGGCGTGAACTTCC"	1	2	"67M1I46M"
"TTCAAGTGGGAGCGCGTGATGAACTTCGAGGACGGCGGCGTGGCGACCGTGACCCAGGCTTCATCTACAAGGTGAAGTTCATCGGCGTGAACTTCC"	1	0	"57M17D39M"
"TTCAAGTGGGAGCGCGTGATGAACTTCGAGGACGGCGTCGTGGCGACCGTTACCCAGGACTCCTCCCTGACGGCTGCTCCATCTACAAGGTGAAGTTCACCGGCGTGAACTTCC"	1	4	"67M1I46M"
"TTCAAGTGGGAGCGCGTGATGAACTTCGAGGACGGCGTCGTGGCGACCGTTACCCAGGACTCCTCCCTGACGGCTGCTTCATCGACAAGGTGAAGTTCACCGGCGTGAACTTCC"	1	4	"67M1I46M"
"TTCAAGTGGGAGCGCGTGATGAACTTCGAGGACGGCGGCGTGGCGACCGTGACCCAGGACTCCTCCCTGACGGCTGCTTCACCTACAAGGTGAAGTTCATCGGCTTGAACTTCC"	1	2	"67M1I46M"
"TTCAAGTTGGAGCGCGTGATGAACTTCGAGGACGGCGGCGTGGCGACCGTGACCCAGGACTCCTCCTTCATCTACAAGGTGAAGTTCATCGGCGTGAACTTCC"	1	1	"65M10D38M"
"TTCAAGTGGGAGCGCGTGATGAACTTCGAGGACGGCGGCGTGGCGACCGTGACCCAGGACTCCTCCCTGACGGCTTCTTCATCTACAAGATGAAGCGCATCGGCGTGAACTTCC"	1	4	"67M1I46M"
"TTCAAGTGGGAGCGCGTGATGAACTTCGAGGACGGCGGCGTGGCGACCGTGACCCAGACGGCTGCTTCATCTACAAGGTGAAGTTCATCGGCGTGAACTTCC"	1	0	"56M11D46M"
"TTCAAGTGGGAGCGCGTGATGAACTTCGAGGACGGCGGCGTGGCGACCGTGACCCAGGACTCCTCCCCGGCTGCTTCATCTACAAGGTGAAGTTCATCGTCGTTAACTTCC"	1	2	"67M2D44M"
"TTCAAGTGGGAGCGCGTGATGAACTTCGAGGACGGCGGCGTGGCGACCGTGACCCAGGACTCCTCCCTGAGACGGCTGCTTCATCTACAAGGTGAAGTTCATCGGCGTGAACTTCC"	1	0	"67M3I46M"
"TTCAAGTGGGAGCGCGTGATGAACTTCGAGGACGGCGGCGTGGCGACCGTGACCCAGGACTCCTCCCTCGACGGCTGCTTCATCTACAAGGTGAAGTTCATCGGCGTGAACTTCC"	1	0	"67M2I46M"
"TTCAAGTGGGAGCGCGTGATGAACTTCGAGGACGGCGGCGTGGCGACCGTGACCCAGGACTCCTCCCTGAGGGCTGCTTCATCTACAAGGTGAAGTTCATCGGCGTTAACTTCC"	1	2	"67M1I46M"
"TTCAAGTGGGAGCTCGTGATGAACTTCGAGGACGGCGGCGTGGCGACCGTGACCCAGGACTCCTCCCTCCGCTGCTTCATCTACAAGGTGAAGTTCATCTGCGTGAACTTCC"	1	4	"67M1D45M"
"TTCAAGTGGGAGCGCGTGATGAACTTCGAGGACGGCGGCGTGGCGACCGTGACCCAGGACGGCTGCTTCATCTACAAGGTGAAGTTCATCGGCGTGAACTTCC"	1	0	"57M10D46M"
"TTCAAGTGGGAGCGCGTGATGAACTTCGAGTACGGCGGCGTGGCGACCGTGACCCAGGACTCCTCCCTACGGCTGCTTCATCTACAAGGTGAAGTTCATCGGCGTGAACTTCC"	1	2	"113M"
"TTCAAGTCGGAGCGCGTGATGAACTTCGAGGACGGCGGCGTGGCGACCGTGACCCAGGACTCCTCCCTGACGGCTGCTTCATCCACAAGGTGAAGTTCATCGGCGTGAACTTCC"	1	2	"67M1I46M"
"TTCAAGTGGGAGCGCGTGATGAACTTCGAGGACGGCGGCGTGGCGACCGTGACCCAGGACTCCTCGGCTGCTTCATCTAAAAGGTGAAGTTCATCGGCGTGAACTTCC"	1	1	"64M5D44M"
"TTCAAGTGGGAGCGCGTGATGAACTTCGAGGACGGCGGCGTGGCGACCGTGACCCAGGACTCCTCCCTCATCTACAAGGTGAAGTTCATCGGCGTGAACTTCC"	1	0	"67M10D36M"
"TTCAAGTGGGAGCGCGTGATGAACTTCGAGGACGGCGGCGTGGCGACCGTGACCCAGGACTCCTCCCTGACGGCTGCTTCATCTACAAGGTGAAGTTCATCGGCGTCAACTTCC"	1	1	"67M1I46M"
"TTCAAGTGAGAGCGCGTGATGAACTTCGAGGACGGCGGCGTGGCGACCGTGACCCAGGACTCCTCCCTGACGGCTGCTTCATCTACAAGGTGAAGTTCATCGGCGTGAACTTCC"	1	1	"67M1I46M"
"TTCAAGTGGGAGCGCGTGATGAACTTCGAGGACGGCGGCGTGGCGACCGTGACCCAGGACTCCTCCCTGACGGCTGCTTCATCTACAAGGTGAAGTTCAGCGGCGTGAACTTCC"	1	1	"67M1I46M"
"TTCAAGTGGGAGCGCGTGATGAACTTCGAGGACGGCGGCGTGGCGACCGTGACCCAGGACTCCTCCCGACGGCTGCTTCATCTACAAGGTGAAGTTGATCGGCTTGAACTTCC"	1	2	"113M"
"TTCAAGTGGGAGCGCGTGATGAACTTCGAGGACGGCGGCGTGGCGACCGTGACCCAGGACTACTCCCGGCTGCTTCATCTACAAGGTGAAGTTCATCGGCGTGAACTTCC"	1	1	"66M3D44M"
"TTCAAGTGGGAGCGCGTGATGAACTTCGAGGACGGCGGCGTGGCGACCGTGACCCAGGACTCCTCCCTGACGGCTGCTTCATCTACAAGGTGAAGTGCATCGGCGTGAACTTCC"	1	1	"67M1I46M"
"TTCAAGTGGGAGCGCGTGATGAACTTCGAGGACGGCGGCGTGGCGACCGTGACCCAGGACTCCTCCCGGCTGCTTCATCTACAAGGTGAAGTTCATCAGCGTGAACTTCC"	1	1	"66M3D44M"
"TTCAAGTGGGAGCGCGTGATGAACTTCGAGGACGGCGGCGTGGCGACCGTGACCCAGGACTCCTCCTCATCTACAAGGTGAAGTTCATCGGCGTGAACTTCC"	1	0	"66M11D36M"
"TTCAAGTGGGAGCGCGTGATGAACTTCGAGGACGGCGGCGTGGCGACCGTGACCCAGGACTCCTGGCTGCTTCATCTACAAGGTGAAGTTCATCGGCGTTAACTTCC"	1	1	"64M6D43M"
"TTCAAGTGGGAGCGCGTGATGAACTTCGAGGACGGCGGCGTGGCGACCGTGACCCAGGACTCCTCCCGGCCGGCTGCTTCATCTACAAGGTGAAGTTCATCGGCGTGAACTTCC"	1	1	"67M1I46M"
"TTCAAGTGGGAGCGCGTGATGAACTTCGAGGACGGCGGCGTGGCGACCGTGACCCAGGACTCCTCCCTGGACGACGGCTGCTTCATCTACAAGGTGAAGTTCATCGGCGTGAACTTCC"	1	0	"67M5I46M"
"TTCAAGTGGGAGCGCGTGATGAACTTCGAGGACGGCGGCGTGGCGACCGTGACCCAGGACTCCTCGTCTGCTTCATCTAAAAGGTGAAGTTCATCTTCGTGAACTTCC"	1	4	"64M5D44M"
"TTCAAGTGGGAGCGCGTGATGAACTTCGAGGACGGCGGCGTGGCGACCGTGACCCAGGAGACGGCTGCTTCATCTACAAGGTGAAGTTCATCGGCGTGAACTTCC"	1	0	"59M8D46M"
"TTCAAGTGGGAGCGCGTGATGAACTTCGAGGACGGCGGCGTGGCGACCGTGACCCAGGACCCCTCCCTGACGGCTGCTTCATCTACAAGGTGAAGTTCATCGGCGTGAACTTCC"	1	1	"67M1I46M"
"TTCAAGTGGGAGCGCGTGATGAACTTCGAGGACGGCGGCGTGGCGACCGTGACCCAGGACTCCTCCCTTCGGCTGCTTCATCTACAAGGTGAAGTTCATCGGCGTGAACTTCC"	1	2	"113M"
"TTCAAGTGGGAGCGCGTGATGAACTTCGAGGACGGCGGCGTGGCGACCGTGACCCAGGACTCCTCCCTACGGCTGCTTCATCTACAAGGTGGAGTTCATCGGCGTGAACTTCC"	1	2	"113M"
"TTCAAGTGGGAGCGCGTGATGAACTTCGAGGACGGCGGCGTGGCGACCGTGACCCAGGGCTTCATCTACAAGGTGAAGTTCATCGGCGTGAACTTCC"	1	0	"58M16D39M"
"TTCAAGTGGGAGCGCGTGATGAACTTCGAGGACGGCGGCGTGGCGCCCGTGACCCAGGACTACTCCCTGACGGCTGCTTCATCTACAAGGTGAAGTTCATCGGCGTGAACTTCC"	1	2	"67M1I46M"
"TTCAAGTGGGAGCGCGTGATTAACTTCGAGGACGGCGTCGTGGCGACCGTGACCCAGGACTCCTCCCTGACGGCTGCTTCATCTACAAGGTGAAGTTCATCGGCGTGAACTTCC"	1	2	"67M1I46M"
"TTCAAGTGGGAGCGCGTGATGAACTTCGAGGACGGCGGCGTGGCGACCGTGACCCAGGACTCCTCCCGAAGAGACGGCTGCTTCATCTACAAGGTGAAGTTCATCGGCGTGAACTTCC"	1	0	"67M5I46M"
"TTCAAGTGGGAGCGCGTGATGAACTTCGAGGACGGCGGCGTGGCGACCGTGACCCAGGACTCCTCCCTTACGGCTGCTTCATCTACAAGGTGAAGTTCATCGGCGTGAACTTCC"	1	1	"67M1I46M"
"TTCAAGTGGGAGCGCGTGATGAACTTCGAGGACGGCGGCGTGGCGACCGTGACCCAGGACTCCTCCCTACGGCTGCTTCATCTACAACTTGAAGTTCATCGGCTTGAACTTCC"	1	4	"113M"
"TTCAAGTGGGAGCGCGTGATGAACTTCGAGGACGGCGGCGTGGCGACCGTGACCCAGGACTCCTCCCGCGCAGACGGCTGCTTCATCTACAAGGTGAAGTTCATCGGCGTGAACTTCC"	1	0	"67M5I46M"
"TTCAAGTGGGAGCGCGTGATGAACTTCGAGGACGGCGGCGTGGCGACCGTGACGGCTGCTTCATCTACAAGGTGAAGTTCATCGGCGTGAACTTCC"	1	0	"50M17D46M"
"TTCAAGTGGGAGCGCGTGATGAACTTCGAGGACGGCGGCGTGGCGACCGTGACCCAGGACTCCTCGGCTGCTTCATCTACAAGTTGAAGTTCATCGGCGTGAACTTCC"	1	1	"64M5D44M"
"TTCAAGTGGGAGCGCGTGATTAACTTCGAGGACGGCGGCGTGGCGACCGTGACCCAGGACTCCTCCCTGACGGCTGCTTCATCTACAAGGTGAAGTTCATCGGCGTGAACTTCC"	1	1	"67M1I46M"
"TTCAAGTGGGAGCGCGTGATGAACTTCGAGGACGGCGGCGTGGCGACCGTGACCCAGACGTCTGCTTCATCTACAAGTTGAAGTTCATCGGCGTGAACTTCC"	1	2	"56M11D46M"
"TTCAAGTGGGAGCGCGTGATGAACTTCGAGGACGGCGGCGTGGCGACCGTGACCCAGGACTCCTCCCTGACGGCTGCTTCATCTACAAGGTGAAGTTCATCTGCGTGAACTTCC"	1	1	"67M1I46M"
"TTCAAGTGGGAGCGCGTGATGAACTTCGAGGACGGCGGCGTGGCGACCGTGACCCAGGACTCCTCCCTGACGTCTGCTTAATCTACAAGGTGAAGTTCACCGGCGTGAACTTCC"	1	3	"67M1I46M"
"TTCAAGTGGGAGCGCGTGATGAACCTCGAGGACGGCGGCGTGGCGACCGTGACCCAGGACTCCTCCCTGACGGCTGCTTCATCTACAAGGTGAAGTTCATCGGCGTGAACTTCC"	1	1	"67M1I46M"
"TTCAAGTGGGAGCGCGTGATGAACTTCGAGGACGGCGGCGTGGCGACCGTGACCCAGGACTCCTCCCCGACGGCTGCTTCATCTACAAGGTGAAGTTCATCGGCGTGAACTTCC"	1	0	"67M1I46M"
"TTCAAGTGGGAGCGCGTGATGAACTTCGAGGACGGCGGCCTGGCGACCGTGACCCAGGACTCCTCCCTGACGGCTGCTTCATCTACAAGGTGAAGTTCATCGGCGTGAACTTCC"	1	1	"67M1I46M"
"TTCAAGTGGGAGCGCGTGATGAACTTCGAGGACGGCGGCGTGGCGACCGTGACCCAGGACTCCTCCCTGACGGCCTCTTCATCTACAAGGTGAAGTGCATCGGCGTGAACTTCC"	1	3	"67M1I46M"
"TTCAAGTGGGAGCGCGTGATGAACTTCGAGGACGGCGGCGTGGCGACCGTTACCCAGGACTCCTCCCTGACGGCCGCTTCATCTACAAGGTGAAGTGCATCGGCGTGAACTTCC"	1	3	"67M1I46M"
"TTCAAGTGGGAGCGCGTGATGAACTTCGAGGATGGCGGCGTGGCGACCGTGACCCAGGACTCCTCCCTGACGGCTGCTTCATCTACAAGGTGAAGTTCATCGGCGTGAACTTCC"	1	1	"67M1I46M"
"TTCAAGTGGGAGCGCGTGATGAACTTCGAGGACGGCGGCGTGGCGACCGTGACCCAGGACTCCTCACGGCTGCTTCATCTACAAGGTGAAGTTCATCGGCGTGAACTTCC"	1	0	"65M3D45M"
"TTCAAGTGGGAGCGCGTGATGAACTTCGAGGACGGCGGCGTGGCGACCGTGACCCAGGACTCCTCCCTGACGGCTGCTTTATCTACAAGGTGAAGTTCATCGGTGTGGACTTCC"	1	3	"67M1I46M"
"TTCAAGTGGGAGCGCGTGATGAACTTCGAGGACGGCGGCGTGGCGACCGTGACCCAGGACTCCTCCCTGACGGCTGCTTCATCTACAAGGTGAAGTTCATTGGCGTGAACTTCC"	1	1	"67M1I46M"
"TTCAAGTGGGAGCGCGTGATGAACTTCGAGGACGGCGGCGTGGCGACCGTGACCCAGGACTCCTCCCTGACGGCTGCTTCATCTACAAGTTGAAGTTCATCGGCGTGAACTTCC"	1	1	"67M1I46M"
"TTCAAGTGGGAGCGCGTGATGAACTTCGAGGACGGCGGCGTGGCGACCGTGACCCAGGACCCCTCCCTGACGGCTGCTTCATCTACAAGGTGAAGTGCATCGGCGTGAACTTCC"	1	2	"67M1I46M"
"TTCAAGTGGGAGCGCGTGATGAACTTCGAGGACGGCGGCGTGGCGACCGTGACCCAGGACTCCTCGCTGCTTCATCTACAAGGTGAAGTTCATCGGCGTGAACTTCC"	1	0	"65M6D42M"
"TTCAAGTGGGAGCGCGTGATGAACTTCGAGGACGGCGGCGTGGCGACCGTGACCCAGGACTCCTCCGGCTGCTTCATCTACAATGTGAAGTTCATCGGCTTGAACTTCC"	1	2	"65M4D44M"
"TTCAAGTGGGAGCGCGTGATGAACTTCGAGGACGGAGGCGTGGCGACCGTGACCCAGGACTCCTCCCGACGGCTGCTTCATCTACAAGGTGAAGTTCATCGGCGTGAACTTCC"	1	1	"113M"
"TTCAAGTGGGAGCGCGTGATGAACTTCGAGGACGGCGGCGTGGCGACCGTGACCCAGGACTCCTCCCATCTACAAGGTGAAGTCCATCGGCGTGAACTTCC"	1	1	"66M12D35M"
"TTCAAGTGGGAGCGCGTGATGAACTTCGAGGACGGCGGCGTGGCGACCGTGACCCAGGACTCCTCCCTGACGGCTGCTTCATCTACAAGGTGAAATTCATCGGCGTGAACTTCC"	1	1	"67M1I46M"
"TTCAAGTGGGAGCGCGTGATGAACTTCGAGGACGGCGGCGTGGCGACCGTGACCCAGGACTCCTCCCTACGGCTGCTTCATCTACAAGGTGAAGTTCATCGGCTTGAACTTCC"	1	2	"113M"
"TTCAAGTGGGAGCGCGTGATGAACTTCGAGGACGGCGGCGTGGCGACCGTGACCCAGGACTCCTCCCGACCCGACGGCTGCTTCATCTACAAGGTGAAGTTCATCGGCGTGAACTTCC"	1	0	"67M5I46M"
"TTCAAGTGGGAGCGCGTGATGAACTTCGAGGACGGCGGCGTGGAGACCGTGACCCAGGACTCCTCCCGACGGCTGCTACATCTACAAGGTTAAGTACATCGGCGTGAACTTCC"	1	4	"113M"
"TTCAAGTGGGAGCGCGTGATGAACTTCGAGGACGGCGGCGTGGCGACCGTGACCCAGGACTCCTCCCTGACGGCTGCTTCATCAACAAGGTGAAGGTCAACGGCGTGAACTTCC"	1	3	"67M1I46M"
"TTCAAGTGGGAGCGCGTGATGAACTTCGAGGACGGCGGCGTGGCGACCGTGCCCCAGGACTCCTCCCGACGGCTGCTTCATCTACAAGGTGAAGTTCATCGGCGTGAACTTCC"	1	1	"113M"
"TTCAAGTGGGAGCGCGTGATGAACTTCGAGGACGGCGGCGTGGCGACCGTGACCCAGGACTCCTCCCTGACGGCTGCTTCATCTACAAGGTGAAGGGCATCGGCGTGAACTTCC"	1	2	"67M1I46M"
"TTCAAGTGGGAGCGCGTGATGAACTTCGAGGACGGCGGCGTGGCGACCGTGACCCAGGACTCCTCCCGACGCAGACGGCTGCTTCATCTAAAAGGTGAAGTTCATCGGCGTGAACTTCC"	1	1	"67M6I46M"
"TTCAAGTGGGAGCGCGTGATGAACTTCGAGGACGGCGGCGTGGCGATCGTGACCCAGGACTCCTCCCTGACGGCTGCTTCATCTACAAGGTGAAGTTCATCGGCGTGAACTTCC"	1	1	"67M1I46M"
"TTCAAGTGGGAGCGCGTGATGAACTTCGAGGACGGCGGCGTGGCGACCGTGACCCAGGACTCCTCCCGGCGGCTGCTTTAACTTCCAGGTGAAGTTCATTCGCGTGAACTTCC"	1	7	"113M"
"TTCAAGTGGGAGCGCGTGATGAACTTCGAGGACGGCGGCGTGGCGAACGTGAACCAGGACTCCTCCCTGACGGCTGCTTCATCTACAAGGTGAAGTTCATCGGCGTGAACTTCC"	1	2	"67M1I46M"
"TTCAAGTGGGAGCGCGTGATGAACTTCGAGGACGGCGGTGTGGCGACCGTGACCCAGGACTCCTCCCTGACGGCTGCTTCATCCACAAGGTGAAGTTCATCGGCGTGAACTTCC"	1	2	"67M1I46M"
"TTCAAGTGGGAGCGCGTGATGAACTTCGAGGACGGCGGCGTGGCGACCGTGACCCAGCACTCCTCCCTGACGGCTGCTTCATCCACAAGGTGAAGTTCATCGGCGTGAACTTCC"	1	2	"67M1I46M"
"TTCAAGTGGGAGCGCGTGATGAACTTCGAGGACGGCGGCGTGGCGACCGTGACCCAGGACTCCTCCCGACGGCTCCTTCATCTACAAGGTGAAGTTCATCTGCTTGAACTTCC"	1	3	"113M"
"TTCAAGTGGGAGCGCGTGATGAACTTCGAGGACGGCGGCGTGGCGACCGTGACCCAGGACTCCTCCCTGTGTGACGGCTGCTTCATCTACAAGGTGAAGTTCATCGGCGTGAACTTCC"	1	0	"67M5I46M"
"TTCAAGTGGGAGCGCGTGATGAACTTCGAGGACGGCGGCGTGGCGACCGTGACCCAGGACTCCTCCCTTGACGGCTGCTTCATTTACAAGGTGAAGTTCTTCGTCGTGAACTTCC"	1	3	"67M2I46M"
"TTCAAGTGGGAGCGCGTGATGAACTTCGAGGACGGCGGCGTGGCGACCGTGACCCAGGACTCCTCCCCGGCGGCTGCTTCATCTACAAGGTGAAGTTCATCGGCGTGAACTTCC"	1	1	"67M1I46M"
"TTCAAGTGGGAGCGCGTGATGAACTTCGAGGACGGCGGCGTGGCGACCGTGACCCAGGACTCCTCCCACGGCTGCTTCATCTACACGGTGAAGTTCATCGGCGTGAACTTCC"	1	1	"67M1D45M"
"TTCAAGTGGGAGCGCGTGATGAACTTCGAGGACGGCGGCGTGGCGACCGTGACCCAGGACTCCTCCCGACAGACGGCTGCTTCATCTACAAGGTGAAGTTCATCGGCGTGAACTTCC"	1	0	"67M4I46M"
"TTCAAGTGGGAGCGCGTGATGAACTTCGATGACGGCGGCGTGGCGACCGTGACCCAGGACTCCTCCCTGACGGCTGCTTCATCTACAAGGTGAAGTTCATCGGCGTGAACTTCC"	1	1	"67M1I46M"
"TTCAAGTGGGAGCGCGTGATGAACTTCGAGGACGGCGGCGTGGCGACCGTGACCCAGGACTCCTCCCGACGGCTGCTTTATCCACAAGGTGAAGTTCATCGGCGTGAACTTCC"	1	2	"113M"
"TTCAAGTGGGAGCGCGTGATGAACTTCGAGGACGGCGGCGTGGCGACCGTGACCCAGGACTCCTCTGCTTCATCTACAAGGTGAAGTTCATCGGCGTGAACTTCC"	1	0	"64M8D41M"
"TTCAAGTGGGAGCGCGTGATGAACTTCGAGGACGGCGGCGTGGCGACCGTGACCCAGGACTCCTCCCGACGGCTGCTTCATCTACCAGGTGAAGTTCATCGGCGTGAACTTCC"	1	1	"113M"
"TTCAAGTGGGAGCGCGTGATGAACTTCGAGGACGGCGGCGTGGCGACCGTGACCCAGGACTCCTCCCGACGGCTGCTTCATCTACAACGTGAAGTTCATCGGCGTGAACTTCC"	1	1	"113M"
"TTCAAGTGGGAGCGCGTGATGAACTTCGAGGACGGCGGCGTGGCGACCGTGACCCAGGACTCCTACGGCTGCTTCATCTACAAAGTGAAGTTCATCGGCGTGAACTTCC"	1	1	"64M4D45M"
"TTCAAGTGGGAGCGCGTGATGAACTTCGAGGACGGCGGCGTGGCGACCGTGACCCAGGACTCTTCCCTAACGGCTGCTTCATCTACAAGGTGAAGTTCATCGGCGTGAACTTCC"	1	2	"67M1I46M"
"TTCAAGTGGGAGCGCGTTATGAACTTCGAGGACGGCGGCGTGGCGACCGTGACCCAGGACTCCTCCCGACGGCTGCTTCATCTACAAGGTGAAGTTCATCGGCGTGAACTTCC"	1	1	"113M"
"TTCAAGTGGGAGCGCGTGATGAACTTCGAGGACGGCGGCGTGGCGACCGTGACCCAGGACTCGACGGCTGCTTCATCTACAAGTTGAAGTTCATCGGCGTGAACTTCC"	1	1	"62M5D46M"
"TTCAAGTGGGAGCGCGTGATGAACTTCGAGGACGGCGGCGCGGCGACCGTGACCCAGGACTCCTCCCGACGGCTGCTTCATCTACAAGGTGAAGTTCATCGGCGTGAACTTCC"	1	1	"113M"
"TTCAAGTGGGAGCGCGTGATGAACTTCGAGGACGGCGGCGTGGCGACCGTGACCCAGGACTCCTGCTTCATCTACAATGTGAATTTCATCGGCGTGAACTTCC"	1	2	"62M10D41M"
"TTCAAGTGGGAGCGCGTGATGAACTTCGAGGACGGCGGCGTGGCGACCGTGACCCAGGACTCCTCCCTGACGGCTGCTTCATCTACAAGGTGAAGTTCATCGGCGTGGACTTCC"	1	1	"67M1I46M"
"TTCAAGTGGGAGCGCGTGATGAACTTCGAGGACGGCGGCGTGGCGACCGTGACCCAGGACTCCTCCCACGGCTGCTCCATCTACAAGGTGAAGTTCATCGGCGTGAACTTCC"	1	1	"67M1D45M"
"TTCAAGTGGGAGCGCGTGATGAACTTCGAGGACGGCGGCGTGGCGACCGTGACCCAGGACTCCTCCTGCTTCATCTACAAGGTTAAGTTCATCGGCGTGAACTTCC"	1	1	"65M7D41M"
"TTCAAGTGGGAGCGCGTGATGAACTTCGAGGACGGCGGCGTGGCGACCGTGACCCAGGACTCCTCCCGACGGCTACTTCATCTACAAGGTGAAGTTCATCGGCTTGAACTTCC"	1	2	"113M"
"TTCAAGTGGGAGCGCGTGATGAACTTCGAGGACGGCGGCGTGGCGACCGTGAACCAGGACTCCTCCCTGACGGCTGCTTCATCTACAAGGTGAAGTTCACCGGCGTGAACTTCC"	1	2	"67M1I46M"
"TTCAAGTGGGAGCGCGTGATGAACTTCGAGGACGGCGGCGTGGCGACCGCGACCCAGGACTCCCGGCTGCTTCATCTACAAGGTGAAGTTCATCGGCGTGAACTTCC"	1	1	"63M6D44M"
"TTCAAGTGGGAGCGCGTGATGAACTTCGAGGACGGCGGCGTGGCGACCGTGACCCAGGACTCCATCTACAAGGTGAAGTTCATCGGCGTGAACTTCC"	1	0	"62M16D35M"
"TTCAAGTGGGAGCGTGTGATGAACTTCGAGGACGGCGGCGTGGCGACCGTGACCCAGGACTCTTCCCTGACGGCTGCTTCATATACAAGGTGAAGTTCATCGGCGTGAACTTCC"	1	3	"67M1I46M"
"TTCAAGTGGGAGCGCGTGATGAACTTCGAGGACGGCGGCGTGGCGACCGTGACCCAGGACTCCGCTTCATCTACAAGGTGAAGTTCATCGGCGTGAACTTCC"	1	0	"63M11D39M"
"TTCAAGTGGGAGCGCGTGATGAACTTCGAGGACGGCGGCGTGGCGAACGTGACCCAGGACTCCTCCCTGACGGCTGCTTGATCTACAAGGTGAAGTTCACCGGCGTGAACTTCC"	1	3	"67M1I46M"
"TTCAAGTGGGAGCGCGTGATGAACTTCGAGGACGGCGGCGTGGCGACCGTGACCCAGGACTCCTCGGCTGCTTCATCTACAAGGTGAAGTTCATCGGCGTGAACTTCC"	1	0	"64M5D44M"
"TTCAAGTGGGAGCGCGTGATGAACTTCGAGGACGGCGGCGTGGCGACCGTGACCCAGGACTCCTCCCTGCCGGCTGCTTCATCTACACGGTGAAGTTCATCGGCGTGAACTTCC"	1	2	"67M1I46M"
"TTCAAGTGGGAGCGCGTGATGAACTTCGAGGACGGCGGCGTGGCGACCGTGACCCAGGACTCCTCCCTGACGGATGCTTAATATACAAGGTGAAGTTCATCGGCGTGAACTTCC"	1	3	"67M1I46M"
"TTCAAGTGGGAGCGCGTGATGAACTTCGAGGACGGCGGCGTGGCGACCGTGACCCAGGACTCCTCCACGGCTGCTTCATATACTAGGTGAAGTTAATCGTCGTGAACTTCC"	1	4	"66M2D45M"
"TTCAAGTGGGAGCGCGTGATGAACTTCGAGGACGGCGGCGTGGCGACCGTGACCCAGGACTCCTCCCTGAAGGCTGCTTCATCTACAAGGTGAAGTTCATCGGCGTGAACTTCC"	1	1	"67M1I46M"
"TTCAAGTGGGAGCGCGTGATGAACTTCGAGGACGGCGGCGTGGCGAACGTGACCCAGGACTCCTCCCTGACGGCTGCTTCATCTACAAGGTGAAGTTCATCGGCGTGAACTTCC"	1	1	"67M1I46M"
"TTCAAGTGGGAGCGCGTGATGAACTTCGAGGACGGCGGCGTGGCGACCGTGAACCAGGACTCCTCCCTGACGGCTGCTTAATCTACAAGGTGAAGTTCATCGGCGTGAACTTCC"	1	2	"67M1I46M"
"TTCAAGTGGGAGCGCGTGATGAACTTCGAGGACGGCGGCGTGGCGACCGTGACCCAGGACTCCTCCCTTCCGGCTGCTTCATCTACAAGGTGAAGTTCATCGGCGTGAACTTCC"	1	2	"67M1I46M"
"TTCAAGTGGGAGCGCGTGATGAACTTCGAGGACGGCGGCGTGGCGACCGTGACCCAGGAGCTTCATCTACAAGGTGAAGTTCATCGGCGTGAACTTCC"	1	0	"59M15D39M"
"TTCAAGTGGGAGCGCGTGATGAACTTCGAGGACGGCGGCGTGGCGACCGTGACCCAGGGGCTGCTTCATCTACAAGGTGAAGTTCATCGGCGTGAACTTCC"	1	0	"58M12D43M"
"TTCAAGTGGGAGCGCGTGATGAACTTCGAGGACGGCGGCGTGGCGACCGTGACCCAGGACTCATCCCTGACGGCTGCTTCATCTACAAGGTGAAGTTCATCGGCGTGAACTTCC"	1	1	"67M1I46M"
"TTCAAGTGGGAGCGCGTGATGAACTTCGAGGACGGCGGCGTGGCGACCGTGACCCAGGGACGGCTGCTTCATCTACAAGGTGAAGTTCATCGGCGTGAACTTCC"	1	0	"58M9D46M"
"TTCAAGTGGGAGCGCGTGATGAACTTCGAGGACGGCGGCGTGGCGACCGTGACCCAGGACTCCTCCCCAAGGTGAAGTTCATCGGCGTGAACTTCC"	1	0	"67M17D29M"
"TTCAAGTGGGATCGCGTGATGAACTTCGAGGACGGCGGCGTGGCGACCGTGACCCAGGACTCCTCCCTGACGGCTGCTTCATCTACAAGGTGAAGTTCATCGGCGTGAACTTCC"	1	1	"67M1I46M"
"TTCAAGTGGGAGCGCGTGATGAACTTCGAGGACGGCGGCGTGGCGACCGTGACCCAGGACTCCTCCCTGACGGCTGCCTGATCTACCAGGTGAAGTTCATCGGCGTGAACTTCC"	1	3	"67M1I46M"
"TTCAAGTGGGAGCGCGTGATGAACTTCGAGGACGGCGGCGTGGCGACCGTGACCCAGGACTCCTCCCTGACGGCTGCTTCCTCTACAAGGTGAAGTTCATCGGCGTGAACTTCC"	1	1	"67M1I46M"
"TTCAAGTGGGAGCGCGTGATGAACTTCGAGGACGGCGGCGTGGCGACCGTGACCCAGGACTCCTCCCGAAGGCTGCTTCATCTACAAGGTGAAGTTCATCGGCGTGAACTTCC"	1	1	"113M"
"TTCAAGTGGGAGCGCGTGATGAACTTCGAGGACGGCGGCGTGGCGACCGTGACCCAGGACTCCTCCATCTACAAGGTGAAGTTCATCGGCGTGAACTTCC"	1	0	"65M13D35M"
"TTCAAGTGGGAGCGCGTGATGAACTTCGAGGACGGCGGCGTGGCGACCGTGACCCAGGACTCCTCCCTGACGGCTGCTCCATCTACAAGGTGAAGTTCACCGGCGTGAACTTCC"	1	2	"67M1I46M"
"TTCAAGTGGGAGCGCGTGATGAACTTCGAGGACGGCGGCGTGGCGACCGTGACCCAGGACTCCTCCCCAGACGGCTGCTTCATCTACAAGGTGAAGTTCATCGGCGTGAACTTCC"	1	0	"67M2I46M"
"TTCAAGTGGGAGCGCGTGATGAACTTCGAGGACGGCGGCGTGGCGACCGTGACCCAGGACTCCTCCGACGGCTGCGCCATCTACAAGGTGAGTTTCATCTGCGTGAACTTCC"	1	5	"66M1D46M"
"TTCAAGTGGGAGCGCGTGATGAACTTCGAGGACGGCGGCGTGGCGACCGTGACCCAGGACTCCTCCCGACGAGACGGCTGCTTCATCTGCAAGGTGAAGTTCATCGGCGTGAACTTCC"	1	1	"67M5I46M"
"TTCAAGTGGGAGCGCGTGATGAACTTCGAGGACGGCGGCGTGGCGACCGTGACCCAGGACTCCTCCCTGACGGCTGCTTCATCTACACGGTGAAGTTCATCGGCGTGAACTTCC"	1	1	"67M1I46M"
"TTCAAGTGGGAGCGCGTGATGAACTTCGAGGACGGCGGCGTGGCGACCGTGACCCAGGACTCCTCCCCATCTACAAGGTGAAGTTCATCGGCGTGAACTTCC"	1	0	"67M11D35M"
"TTCAAGTGGGAGCGCGTGATGAACTTCGAGGACGGCGGCGTGGCGACCGTGACCCAGGACTCCTCCCATCTACAAGGTGAAGTTCATCGGCGTGAACTTCC"	1	0	"66M12D35M"
"TTCAAGTGGGAGCGCGTGATGAACTTCGAGGACGGCGGCGTGGCGAACGTGACCCAGGACTCCTCCCTGACGGCTGCTTCATCTACCAGGTGAAGTTCATCGGCGTGAACTTCC"	1	2	"67M1I46M"
"TTCAAGTGGGAGCGCGTGATGAACTTCGAGGACGGCGGCGTGGCGACCGTGACCCAGGACTCCTCCCGACGAGACGGCTGCTTCATCTACAAGGTGAAGTTCATCGGCGTGAACTTCC"	1	0	"67M5I46M"
"TTCAAGTGGGAGCGCGTGATGAACTTCGAGGACGGCGGCGTGGCGACCGTGACCCAGGACTCCTCCCTGACGGCTGCTTTAACTAAAAGGTGAAGTTCATCGGCGTGAACTTCC"	1	3	"67M1I46M"
"TTCAAGTGGGAGCGCGTGATGAACTTCGAGGACGGCGGCGTGGCGACCGTGACCCAGGACTCCTCCCTTACGGCTGCTTCATCTACAAGGTGAAGTTCATAGGCGTGAACTTCC"	1	2	"67M1I46M"
"TTCAAGTGGGAGCGCGTGATGAACTTCGAGGACGGCGGCGTGGCGAACGAGACCCAGGACTCCTTCATGACGGCTGCTTCATCTACAAGGTGAAGTTCATCGGCGTGAACTTCC"	1	4	"67M1I46M"
"TTCAAGTGGGAGCGCGTGATGAACTTCGAGGACGGCGGCGTGGCGACCGTGACCCAGGACTCCTCCCGACGGCTGCTTCATCTCCAAGGTGAAGTTCATCGGCGTGAACTTCC"	1	1	"113M"
"TTCAAGTGGGAGCGCGTGATGAACTTCGAGGACGGCGGCGTGGCGACCGTGACCCAGGACTCCTCCGCTGCTTCATCTACAAGGTGAAGTTCATCGGCGTGAACTTCC"	1	0	"66M5D42M"
"TTCAAGTGGGAGCGCGTGATGAACTTCGAGGACGGCGGCGTGGCGACCGTGACCCAGGACTCCTCCCTGACGGCTGCTTAATATACAAGGTGAAGTTCATCGGCGTGAACTTCC"	1	2	"67M1I46M"
"TTCAAGTGGGAGCGCGTGATGAACTTCGAGGACGGCGGCGTGGCGACCGTGACCCAGGACTCCTCCCGACGGCTGCTTCATCTGCAAGGTGAAGTTCATCGGCGTGAACTTCC"	1	1	"113M"
"TTCAAGTGGGAGCGCGTGATGAACTTCGAGGTCGGCGGCGTGGCGACCGTGACCCAGGACTCCTCCTTGACGGCTGCTTCTTCTACAAGGTGAAGTTCATCGGCGTGAACTTCC"	1	3	"67M1I46M"
"TTCAAGTGGGAGCGCGTGATGAACTTCGAGGACGGCGGCGTGGCGACCGTGACCCAGGACTCCTCCCACGGCTGCTTCATCCACAAGGTGAAGTTCATCGGCGTGAACTTCC"	1	1	"67M1D45M"
"TTCAAGTGGGAGCGCGTGATGAACTTCGAGGACGGCGGCGTGGCGACCGTGACCCAGGACTCCTCCCTGACGGCTGCTTCATATAGAAGGTGAAGTTCATCGGCGTGAACTTCC"	1	2	"67M1I46M"
"TTCAAGTGGGAGCGCGTGATGAACTTCGAGGACGGCGGCGTGGCGACCGTGACCCAGGACTCCTTCCTGACGGCTGCTTCATCTACAAGGTGAAGTTCATCGGCGTGAACTTCC"	1	1	"67M1I46M"
"TTCAAGTGGGAGCGCGTGATGAACTTCGAGGACGGCGGCGTGGCGACCGTGACCCAGGACTCTTCCACGGCTGCTTCATCTACAAGGTGAAGTTCATCGGCGTGAACTTCC"	1	1	"66M2D45M"
